frame,movement
1,230400
2,8
3,42
4,16
5,0
6,23
7,165635
8,125239
9,59709
10,52233
11,67078
12,72073
13,74052
14,57491
15,60941
16,51602
17,63253
18,62591
19,63454
20,60732
21,57344
22,66522
23,62570
24,64668
25,67508
26,68989
27,74233
28,50040
29,61919
30,65912
31,58303
32,62316
33,70522
34,64258
35,61372
36,60006
37,59384
38,57047
39,66800
40,84759
41,91253
42,104779
43,103912
44,99085
45,98193
46,85760
47,71402
48,61774
49,59882
50,62034
51,64092
52,74428
53,74269
54,69950
55,73588
56,68699
57,67491
58,69107
59,68136
60,62235
61,59871
62,54930
63,52032
64,54940
65,65319
66,58557
67,52744
68,53454
69,52071
70,56875
71,62729
72,64142
73,53733
74,53555
75,50795
76,50383
77,51808
78,61642
79,55147
80,57606
81,57032
82,56486
83,60171
84,74145
85,68478
86,64864
87,63168
88,63258
89,64934
90,61965
91,97409
92,54633
93,96765
94,117056
95,117432
96,119277
97,120339
98,121024
99,123544
100,121884
101,120797
102,119684
103,116289
104,114114
105,110818
106,114245
107,117288
108,117168
109,115586
110,113384
111,113186
112,112127
113,108522
114,105460
115,100894
116,96899
117,96609
118,95344
119,93064
120,94866
121,93578
122,92114
123,90963
124,93441
125,100226
126,109517
127,113664
128,108774
129,107322
130,101781
131,100042
132,99004
133,96655
134,92516
135,86789
136,80913
137,80804
138,79487
139,74847
140,73412
141,73483
142,73945
143,78411
144,83507
145,83608
146,104803
147,108658
148,109904
149,109376
150,108293
151,107378
152,106788
153,105851
154,105917
155,104961
156,103998
157,104018
158,102688
159,102234
160,100844
161,101262
162,101804
163,102684
164,102820
165,102749
166,102926
167,102918
168,103708
169,104504
170,106587
171,106731
172,106713
173,106635
174,106891
175,105753
176,105418
177,103981
178,104029
179,104281
180,103585
181,100634
182,99170
183,98369
184,97628
185,95837
186,96061
187,95044
188,93323
189,93115
190,93117
191,93165
192,93326
193,93260
194,92918
195,92548
196,92454
197,92988
198,92481
199,92651
200,92416
201,92413
202,92473
203,92383
204,92119
205,94118
206,94636
207,97103
208,99926
209,99927
210,99670
211,99233
212,99897
213,99111
214,97440
215,97064
216,95961
217,94390
218,93756
219,93223
220,92239
221,91368
222,91249
223,91039
224,90654
225,89849
226,89243
227,90125
228,89908
229,91683
230,91685
231,92468
232,92633
233,93399
234,94327
235,95039
236,94797
237,94514
238,93686
239,93743
240,93408
241,92985
242,93238
243,93129
244,93455
245,94422
246,93679
247,93310
248,100655
249,101623
250,97943
251,96556
252,96000
253,91959
254,91489
255,91171
256,91279
257,90777
258,90355
259,89182
260,90957
261,90941
262,92890
263,93704
264,94938
265,95979
266,95957
267,96498
268,97033
269,96241
270,96057
271,95459
272,96336
273,93739
274,90765
275,89060
276,88837
277,88421
278,88490
279,87823
280,90239
281,90304
282,89085
283,88078
284,89527
285,89365
286,90418
287,89291
288,87472
289,87396
290,86071
291,85555
292,90927
293,94335
294,93196
295,90839
296,87355
297,85518
298,84963
299,86015
300,86362
301,93335
302,81399
303,91056
304,84630
305,85834
306,85551
307,91598
308,91479
309,91127
310,93092
311,92231
312,91562
313,88117
314,87159
315,88608
316,91268
317,89954
318,86271
319,86279
320,84536
321,84981
322,86869
323,90208
324,90946
325,87893
326,87184
327,88402
328,84874
329,80744
330,82034
331,84448
332,85258
333,86596
334,90957
335,84201
336,82441
337,80313
338,78780
339,79283
340,77905
341,80888
342,83022
343,83330
344,80615
345,80039
346,73166
347,75635
348,77314
349,80842
350,72443
351,81511
352,79554
353,78834
354,78435
355,77206
356,76224
357,75081
358,78730
359,81929
360,80239
361,80063
362,78447
363,79328
364,80434
365,82297
366,81870
367,77741
368,73594
369,72966
370,75601
371,79030
372,80193
373,80172
374,76618
375,75874
376,76655
377,77974
378,76713
379,75522
380,76159
381,77347
382,71565
383,71802
384,72076
385,76901
386,76701
387,76783
388,73251
389,69319
390,72076
391,71580
392,71943
393,73243
394,71894
395,71481
396,70841
397,70616
398,70191
399,71843
400,75028
401,75827
402,75142
403,75027
404,74347
405,74731
406,73469
407,73347
408,73762
409,70061
410,71042
411,70791
412,67571
413,73233
414,73600
415,72834
416,70835
417,67265
418,73135
419,74567
420,74380
421,75613
422,74651
423,74929
424,79158
425,80117
426,79817
427,83181
428,86254
429,83074
430,78282
431,76666
432,79634
433,89083
434,89271
435,89368
436,90067
437,90841
438,90239
439,90908
440,90690
441,90043
442,89163
443,88034
444,87911
445,88283
446,88242
447,88094
448,88443
449,88382
450,89551
451,90988
452,91622
453,92028
454,91278
455,91385
456,91528
457,91433
458,91198
459,91945
460,91429
461,91263
462,91233
463,91739
464,92290
465,92289
466,92135
467,91426
468,91065
469,90855
470,91014
471,90763
472,91515
473,90789
474,90940
475,90926
476,91715
477,91326
478,92297
479,92150
480,92315
481,92716
482,92390
483,92169
484,93030
485,93913
486,93530
487,91094
488,90525
489,89279
490,88786
491,88001
492,87933
493,86692
494,86451
495,85439
496,86294
497,86118
498,86814
499,85756
500,85433
501,85380
502,84406
503,84579
504,84165
505,83515
506,83687
507,83915
508,83065
509,82823
510,82706
511,81900
512,80433
513,80886
514,80809
515,82035
516,82231
517,81586
518,81899
519,81433
520,80770
521,80191
522,79611
523,79694
524,79976
525,79550
526,90615
527,88488
528,91244
529,86371
530,92301
531,94540
532,96337
533,95417
534,100873
535,99354
536,96468
537,96158
538,100084
539,99593
540,99647
541,96444
542,93752
543,90483
544,90185
545,90884
546,91290
547,89753
548,87333
549,86580
550,89718
551,91337
552,93532
553,91554
554,89049
555,89914
556,90673
557,90949
558,91350
559,90934
560,91876
561,91173
562,88032
563,89015
564,90409
565,90526
566,90586
567,88355
568,85343
569,82231
570,82711
571,84855
572,83790
573,83642
574,83047
575,83141
576,82694
577,83061
578,81669
579,79745
580,82832
581,82794
582,83497
583,82388
584,79528
585,77197
586,77717
587,77058
588,74321
589,68426
590,64588
591,69077
592,75797
593,74043
594,69773
595,68262
596,70001
597,74776
598,71180
599,69741
600,70230
601,74882
602,124404
603,122104
604,134354
605,134810
606,136992
607,137772
608,136138
609,136603
610,136640
611,135124
612,135282
613,133571
614,132853
615,131756
616,130204
617,131238
618,130276
619,134448
620,134416
621,134257
622,134128
623,133639
624,134652
625,137018
626,136941
627,136975
628,137135
629,137975
630,136032
631,136017
632,135302
633,135895
634,134236
635,132865
636,131988
637,134312
638,131649
639,129221
640,130683
641,133251
642,131755
643,129318
644,129418
645,130708
646,134767
647,134081
648,134862
649,135074
650,133367
651,130946
652,135394
653,134450
654,133703
655,133235
656,133813
657,134493
658,134479
659,134059
660,135124
661,136626
662,135986
663,136229
664,135547
665,134631
666,133172
667,132643
668,130464
669,125506
670,125062
671,127696
672,127975
673,130107
674,126467
675,125565
676,141641
677,113087
678,105443
679,114829
680,113416
681,117185
682,116103
683,115822
684,112688
685,116096
686,146317
687,146624
688,147562
689,146990
690,144354
691,146711
692,146954
693,146195
694,145433
695,145042
696,145127
697,145050
698,145655
699,144485
700,145299
701,145732
702,144415
703,143037
704,142651
705,142781
706,142979
707,143348
708,119207
709,119573
710,118594
711,117458
712,114529
713,113358
714,113211
715,114232
716,113633
717,115335
718,120201
719,122043
720,122274
721,119481
722,120408
723,123940
724,128141
725,127866
726,126903
727,123884
728,125265
729,125242
730,124740
731,124225
732,125702
733,125211
734,124136
735,126046
736,129309
737,129327
738,128719
739,114287
740,110277
741,109256
742,105711
743,104532
744,106916
745,112360
746,113659
747,116221
748,118078
749,117147
750,115231
751,112941
752,110825
753,108194
754,106515
755,106581
756,106212
757,105305
758,105304
759,103929
760,105439
761,105860
762,102894
763,103279
764,102426
765,98386
766,134435
767,135437
768,136921
769,137916
770,137612
771,137996
772,136478
773,137434
774,136882
775,135245
776,129243
777,127595
778,127759
779,127693
780,127134
781,128280
782,129231
783,128327
784,128196
785,128202
786,128626
787,129154
788,128654
789,128174
790,128152
791,127669
792,126783
793,125645
794,127138
795,125174
796,125577
797,123762
798,123615
799,124414
800,124482
801,124714
802,123413
803,126025
804,128553
805,128172
806,128735
807,130133
808,128796
809,129429
810,129445
811,131563
812,131928
813,134713
814,134550
815,135605
816,136785
817,137724
818,136974
819,137220
820,137696
821,138490
822,138695
823,141262
824,142034
825,142640
826,142638
827,142698
828,143730
829,142595
830,144061
831,145240
832,147362
833,147946
834,148386
835,149125
836,150136
837,152197
838,152822
839,152404
840,152013
841,149753
842,149652
843,149801
844,150217
845,148910
846,148834
847,150279
848,149886
849,151137
850,153287
851,154227
852,154418
853,151518
854,149977
855,150570
856,149727
857,148551
858,147800
859,148121
860,147270
861,147200
862,146711
863,146780
864,148034
865,148036
866,146978
867,147204
868,145950
869,146204
870,147454
871,148643
872,148763
873,148436
874,149872
875,149867
876,148642
877,144913
878,143145
879,147636
880,146591
881,147363
882,144385
883,142864
884,144604
885,144192
886,91919
887,93223
888,97768
889,98350
890,98565
891,99115
892,98082
893,96638
894,96298
895,95798
896,95737
897,96306
898,94751
899,94806
900,94710
901,95852
902,97328
903,97518
904,97320
905,97506
906,99176
907,98262
908,97236
909,96200
910,92987
911,91747
912,91713
913,92458
914,92140
915,91677
916,89449
917,89577
918,89310
919,89675
920,89841
921,89365
922,88759
923,88454
924,89557
925,88537
926,89000
927,91111
928,90323
929,90906
930,91415
931,92100
932,92075
933,90959
934,89224
935,88381
936,88553
937,88165
938,89706
939,91586
940,92913
941,92016
942,92100
943,89287
944,88576
945,89213
946,88801
947,88576
948,88867
949,87992
950,88193
951,89014
952,90468
953,90279
954,87568
955,88357
956,88422
957,89837
958,88887
959,90841
960,91209
961,88742
962,88918
963,89222
964,88725
965,87906
966,89538
967,91619
968,91743
969,90641
970,90339
971,90580
972,90542
973,90849
974,90320
975,89576
976,90143
977,89782
978,89701
979,90366
980,89820
981,90493
982,91361
983,91574
984,91005
985,93887
986,94293
987,94059
988,78464
989,94215
990,96441
991,99431
992,101735
993,102716
994,105343
995,104989
996,105028
997,104134
998,103709
999,103240
1000,101130
1001,100657
1002,103728
1003,102892
1004,100434
1005,101813
1006,99377
1007,95179
1008,95448
1009,93360
1010,93108
1011,93837
1012,95886
1013,98817
1014,97867
1015,93401
1016,92487
1017,91388
1018,88543
1019,85622
1020,85024
1021,86175
1022,86077
1023,88465
1024,87680
1025,78868
1026,92565
1027,91699
1028,91511
1029,91536
1030,87675
1031,83723
1032,79691
1033,76973
1034,78013
1035,77169
1036,72530
1037,73263
1038,73868
1039,103939
1040,111803
1041,112008
1042,111183
1043,112148
1044,112275
1045,111638
1046,110795
1047,111282
1048,111417
1049,112326
1050,112601
1051,112819
1052,109796
1053,105242
1054,114966
1055,115078
1056,115632
1057,116467
1058,113398
1059,115064
1060,117053
1061,115252
1062,116386
1063,121117
1064,122607
1065,122594
1066,122649
1067,125312
1068,123868
1069,120632
1070,120328
1071,118576
1072,113604
1073,114376
1074,113555
1075,107538
1076,104004
1077,103610
1078,103551
1079,103659
1080,101842
1081,97723
1082,97598
1083,101101
1084,101795
1085,101106
1086,100716
1087,100580
1088,101231
1089,102731
1090,78444
1091,75694
1092,75711
1093,76659
1094,74049
1095,75483
1096,71121
1097,70279
1098,72853
1099,77466
1100,74287
1101,73111
1102,74712
1103,78606
1104,77115
1105,77305
1106,77850
1107,77918
1108,75738
1109,76348
1110,76374
1111,78091
1112,77749
1113,78229
1114,82778
1115,82826
1116,84644
1117,86602
1118,86486
1119,84065
1120,87003
1121,86585
1122,88010
1123,85831
1124,85267
1125,84507
1126,84507
1127,83727
1128,83698
1129,82911
1130,82431
1131,82456
1132,82819
1133,82992
1134,84344
1135,84255
1136,85837
1137,85838
1138,84034
1139,84790
1140,84008
1141,80613
1142,76369
1143,77188
1144,78866
1145,79908
1146,81029
1147,75782
1148,69457
1149,65254
1150,63980
1151,64953
1152,64916
1153,66476
1154,68478
1155,71855
1156,79010
1157,80321
1158,80659
1159,78477
1160,78175
1161,76764
1162,77760
1163,82351
1164,87411
1165,90428
1166,87891
1167,88941
1168,120592
1169,119289
1170,141117
1171,135091
1172,142138
1173,143265
1174,141822
1175,140299
1176,139126
1177,132302
1178,134349
1179,131762
1180,137659
1181,143009
1182,141986
1183,140834
1184,138489
1185,138525
1186,138668
1187,138036
1188,136601
1189,135891
1190,138417
1191,133444
1192,132906
1193,133584
1194,134195
1195,134326
1196,134074
1197,132703
1198,133484
1199,134475
1200,135093
1201,132733
1202,132573
1203,132540
1204,134613
1205,135383
1206,134138
1207,132648
1208,132163
1209,133252
1210,129911
1211,129647
1212,129215
1213,129969
1214,129414
1215,127807
1216,127655
1217,126630
1218,126915
1219,130864
1220,118725
1221,118080
1222,126960
1223,124920
1224,124675
1225,123879
1226,125461
1227,126453
1228,124944
1229,124778
1230,124111
1231,124290
1232,123225
1233,123917
1234,123383
1235,122675
1236,124613
1237,80396
1238,71572
1239,75237
1240,68150
1241,65353
1242,65633
1243,65147
1244,66440
1245,72200
1246,77295
1247,74710
1248,72972
1249,73847
1250,78080
1251,79700
1252,76543
1253,74479
1254,75651
1255,71486
1256,67227
1257,66567
1258,65393
1259,66877
1260,68012
1261,68705
1262,70438
1263,72761
1264,73664
1265,72406
1266,71981
1267,69509
1268,69709
1269,68197
1270,70754
1271,70954
1272,73947
1273,74627
1274,76566
1275,76821
1276,77475
1277,78259
1278,80248
1279,80546
1280,81417
1281,80799
1282,83782
1283,83515
1284,85015
1285,86473
1286,88104
1287,87550
1288,89731
1289,90187
1290,91692
1291,93958
1292,94570
1293,93901
1294,93828
1295,93864
1296,93782
1297,94018
1298,93663
1299,93801
1300,94619
1301,94631
1302,95059
1303,95248
1304,95043
1305,95429
1306,96937
1307,95811
1308,92479
1309,88664
1310,88106
1311,82711
1312,79770
1313,80227
1314,78656
1315,81495
1316,78660
1317,77647
1318,72803
1319,79719
1320,81453
1321,80242
1322,82795
1323,85116
1324,89324
1325,95408
1326,94744
1327,93952
1328,97407
1329,93899
1330,95993
1331,102127
1332,102082
1333,106267
1334,109176
1335,108341
1336,108364
1337,116532
1338,112981
1339,125389
1340,124503
1341,122816
1342,114090
1343,122072
1344,119019
1345,116342
1346,107925
1347,109728
1348,120014
1349,108780
1350,114026
1351,120561
1352,113573
1353,115981
1354,109757
1355,114891
1356,112734
1357,110481
1358,119862
1359,125820
1360,130688
1361,122299
1362,118091
1363,111037
1364,109610
1365,107302
1366,107657
1367,108574
1368,106936
1369,101063
1370,95516
1371,96201
1372,92335
1373,91579
1374,91504
1375,90695
1376,90715
1377,90923
1378,88244
1379,86450
1380,86695
1381,82449
1382,79826
1383,75245
1384,74265
1385,79715
1386,83171
1387,78592
1388,86208
1389,86926
1390,91091
1391,88048
1392,92425
1393,95533
1394,95023
1395,90608
1396,95298
1397,94398
1398,95237
1399,94616
1400,92780
1401,103129
1402,100358
1403,93654
1404,92874
1405,89005
1406,90351
1407,92079
1408,88369
1409,92135
1410,90861
1411,88636
1412,88663
1413,87226
1414,73093
1415,79762
1416,77534
1417,79292
1418,78238
1419,75334
1420,76385
1421,73711
1422,73342
1423,83801
1424,83411
1425,82475
1426,82046
1427,77033
1428,84672
1429,78927
1430,79376
1431,74524
1432,73536
1433,75294
1434,71600
1435,77893
1436,71495
1437,69761
1438,71138
1439,77253
1440,77707
1441,90505
1442,94347
1443,90532
1444,91231
1445,89974
1446,93045
1447,99755
1448,99677
1449,98150
1450,98258
1451,99127
1452,103036
1453,115463
1454,121861
1455,115808
1456,114328
1457,119542
1458,116318
1459,111997
1460,111519
1461,110209
1462,98989
1463,101453
1464,100751
1465,95632
1466,92868
1467,92386
1468,87876
1469,85716
1470,82825
1471,83245
1472,82479
1473,83287
1474,72820
1475,73686
1476,75831
1477,82955
1478,81272
1479,82742
1480,84204
1481,84130
1482,88672
1483,99332
1484,97393
1485,94555
1486,88163
1487,85206
1488,84175
1489,78406
1490,77876
1491,76314
1492,77499
1493,75241
1494,92402
1495,86096
1496,87177
1497,104956
1498,109591
1499,107661
1500,111886
1501,111421
1502,109840
1503,111564
1504,107482
1505,103730
1506,108002
1507,118514
1508,117708
1509,115295
1510,115794
1511,116418
1512,113890
1513,104432
1514,102939
1515,100529
1516,95741
1517,95111
1518,95876
1519,93089
1520,93463
1521,90219
1522,92518
1523,93232
1524,95482
1525,96800
1526,100938
1527,97735
1528,103940
1529,99203
1530,96924
1531,92438
1532,97786
1533,97994
1534,97495
1535,93410
1536,88188
1537,125801
1538,120578
1539,125981
1540,130647
1541,130919
1542,131961
1543,128844
1544,130262
1545,116956
1546,140079
1547,141685
1548,142476
1549,145099
1550,142907
1551,138256
1552,136016
1553,131256
1554,132728
1555,140420
1556,143116
1557,145463
1558,149365
1559,147498
1560,146741
1561,138283
1562,142843
1563,145018
1564,147502
1565,147509
1566,149772
1567,150676
1568,151610
1569,152589
1570,158572
1571,156557
1572,153436
1573,158755
1574,159711
1575,162415
1576,158615
1577,161086
1578,157973
1579,155085
1580,156690
1581,157320
1582,160268
1583,160654
1584,160870
1585,160256
1586,158943
1587,156736
1588,156919
1589,160548
1590,160873
1591,153386
1592,154096
1593,155192
1594,158586
1595,160750
1596,161444
1597,161457
1598,159481
1599,160935
1600,127838
1601,143292
1602,148542
1603,153358
1604,150031
1605,149571
1606,147675
1607,146404
1608,145633
1609,150561
1610,151770
1611,149798
1612,151716
1613,155738
1614,157742
1615,156942
1616,155933
1617,157420
1618,152444
1619,157110
1620,156182
1621,156278
1622,158292
1623,159245
1624,158263
1625,158386
1626,156421
1627,157864
1628,158162
1629,156438
1630,154048
1631,153810
1632,156708
1633,159437
1634,159835
1635,160708
1636,160017
1637,159757
1638,158235
1639,153910
1640,154813
1641,155222
1642,159072
1643,157368
1644,158585
1645,159739
1646,162193
1647,162745
1648,165379
1649,164913
1650,163572
1651,159811
1652,162121
1653,162394
1654,162791
1655,163594
1656,163467
1657,163108
1658,163394
1659,162578
1660,162062
1661,161796
1662,161910
1663,159846
1664,158590
1665,159727
1666,158399
1667,159432
1668,156497
1669,156323
1670,155996
1671,156060
1672,155779
1673,156922
1674,157368
1675,158642
1676,157841
1677,157590
1678,156629
1679,155392
1680,153448
1681,153791
1682,152938
1683,148665
1684,141209
1685,138423
1686,137347
1687,139077
1688,140519
1689,140200
1690,140106
1691,135151
1692,132966
1693,135558
1694,136850
1695,139357
1696,144086
1697,142795
1698,143669
1699,139500
1700,141866
1701,143248
1702,146615
1703,148266
1704,146435
1705,149885
1706,145506
1707,146266
1708,146623
1709,143290
1710,142249
1711,141385
1712,141172
1713,137685
1714,141878
1715,143829
1716,145519
1717,146020
1718,146324
1719,149960
1720,149748
1721,146541
1722,147827
1723,150294
1724,153036
1725,153029
1726,148655
1727,147824
1728,146027
1729,145383
1730,149071
1731,150060
1732,151615
1733,152829
1734,154965
1735,153998
1736,153147
1737,151063
1738,150130
1739,149352
1740,149384
1741,151247
1742,155199
1743,160100
1744,157964
1745,145154
1746,137478
1747,148840
1748,148168
1749,140664
1750,146002
1751,147933
1752,150499
1753,152892
1754,151866
1755,151098
1756,148995
1757,148160
1758,147434
1759,145567
1760,145168
1761,144183
1762,139558
1763,138933
1764,141436
1765,146766
1766,145885
1767,145719
1768,141199
1769,138447
1770,136739
1771,139591
1772,140066
1773,139643
1774,138359
1775,141089
1776,143042
1777,143517
1778,144881
1779,147599
1780,146350
1781,146597
1782,145697
1783,144389
1784,142945
1785,144091
1786,144170
1787,144749
1788,147295
1789,160469
1790,167144
1791,168285
1792,169106
1793,169097
1794,168667
1795,167346
1796,166870
1797,166620
1798,167042
1799,168381
1800,169271
1801,169898
1802,169975
1803,169690
1804,169616
1805,169454
1806,169881
1807,169613
1808,169540
1809,169999
1810,165154
1811,165754
1812,164775
1813,169006
1814,165394
1815,160882
1816,160453
1817,154197
1818,159031
1819,161778
1820,161872
1821,161074
1822,164870
1823,163335
1824,163715
1825,165866
1826,167396
1827,168054
1828,168337
1829,167420
1830,168291
1831,167105
1832,168718
1833,168273
1834,168026
1835,167873
1836,168405
1837,167188
1838,167236
1839,164341
1840,167851
1841,168589
1842,168564
1843,167401
1844,165961
1845,163788
1846,167472
1847,166213
1848,167943
1849,169148
1850,170161
1851,169942
1852,170165
1853,170140
1854,169958
1855,169828
1856,169839
1857,170015
1858,169578
1859,169192
1860,168774
1861,167772
1862,167890
1863,167829
1864,166091
1865,167714
1866,167854
1867,167792
1868,167494
1869,168141
1870,169384
1871,165340
1872,168277
1873,170536
1874,170612
1875,170616
1876,170615
1877,170628
1878,170618
1879,170634
1880,170632
1881,170632
1882,170644
1883,170655
1884,170655
1885,170652
1886,170677
1887,170629
1888,170606
1889,170579
1890,170519
1891,170341
1892,170121
1893,170012
1894,170723
1895,170796
1896,170821
1897,170745
1898,170677
1899,168719
1900,170641
1901,170675
1902,170652
1903,169267
1904,170621
1905,170386
1906,170073
1907,166514
1908,162775
1909,153831
1910,157048
1911,164986
1912,170629
1913,170417
1914,167409
1915,170279
1916,170607
1917,170643
1918,164527
1919,168509
1920,170645
1921,169012
1922,166678
1923,166078
1924,170594
1925,170548
1926,169879
1927,170114
1928,170417
1929,170520
1930,170112
1931,170515
1932,170627
1933,170519
1934,170588
1935,170633
1936,170583
1937,170539
1938,170512
1939,170550
1940,170537
1941,170619
1942,170506
1943,170518
1944,170623
1945,170469
1946,170446
1947,169965
1948,165619
1949,169046
1950,169716
1951,169562
1952,169419
1953,170384
1954,170609
1955,170593
1956,168727
1957,163811
1958,128836
1959,147897
1960,130576
1961,153251
1962,158770
1963,156998
1964,156826
1965,156183
1966,158842
1967,160555
1968,161838
1969,162661
1970,162569
1971,160879
1972,161119
1973,159532
1974,154481
1975,147215
1976,140252
1977,135303
1978,137615
1979,137745
1980,137846
1981,135595
1982,139074
1983,144743
1984,150466
1985,151102
1986,151291
1987,153249
1988,154652
1989,155917
1990,160262
1991,161208
1992,161853
1993,162731
1994,162355
1995,162620
1996,163558
1997,164434
1998,164511
1999,165108
2000,165176
2001,165614
2002,165047
2003,164229
2004,163901
2005,164219
2006,164216
2007,162945
2008,160408
2009,159185
2010,153645
2011,153795
2012,151298
2013,149203
2014,150805
2015,148827
2016,146715
2017,142478
2018,140196
2019,134545
2020,126205
2021,128273
2022,124116
2023,120996
2024,123463
2025,123029
2026,125986
2027,127396
2028,126784
2029,129583
2030,130544
2031,133259
2032,131146
2033,134653
2034,133420
2035,130810
2036,126600
2037,123696
2038,129858
2039,132526
2040,128872
2041,127874
2042,130251
2043,128661
2044,123338
2045,128410
2046,127310
2047,131286
2048,136385
2049,138020
2050,133421
2051,134567
2052,135011
2053,133546
2054,135161
2055,138395
2056,134465
2057,134141
2058,130930
2059,137865
2060,136341
2061,136444
2062,136469
2063,130623
2064,133368
2065,137178
2066,136653
2067,136128
2068,127024
2069,127927
2070,129138
2071,127866
2072,122899
2073,125153
2074,118567
2075,120682
2076,117600
2077,111549
2078,114311
2079,120058
2080,129410
2081,125554
2082,120763
2083,125436
2084,127367
2085,129272
2086,128421
2087,126112
2088,126418
2089,136425
2090,135708
2091,129729
2092,126712
2093,128547
2094,125026
2095,123874
2096,125983
2097,128942
2098,121395
2099,114869
2100,116530
2101,116671
2102,118405
2103,114459
2104,115854
2105,118218
2106,114086
2107,116969
2108,113734
2109,110822
2110,111573
2111,116709
2112,118346
2113,114780
2114,113584
2115,113245
2116,109652
2117,109749
2118,110056
2119,109204
2120,110156
2121,110985
2122,110693
2123,111187
2124,111772
2125,116859
2126,113071
2127,112646
2128,114129
2129,114930
2130,113162
2131,115309
2132,119205
2133,114512
2134,105518
2135,106355
2136,104315
2137,101292
2138,101204
2139,104254
2140,108012
2141,119691
2142,119521
2143,117775
2144,120946
2145,123426
2146,118588
2147,123650
2148,124363
2149,120622
2150,121124
2151,121706
2152,121950
2153,119719
2154,119342
2155,124693
2156,123726
2157,124261
2158,114400
2159,113477
2160,115111
2161,123416
2162,126042
2163,122386
2164,122073
2165,121203
2166,123851
2167,133651
2168,131924
2169,130948
2170,128651
2171,128721
2172,128610
2173,125072
2174,124750
2175,122495
2176,128126
2177,128386
2178,125773
2179,124115
2180,124415
2181,124589
2182,125464
2183,125762
2184,124468
2185,122016
2186,121411
2187,119512
2188,122889
2189,121536
2190,119859
2191,123334
2192,124218
2193,121849
2194,124730
2195,123512
2196,120003
2197,124752
2198,123081
2199,120669
2200,114800
2201,112433
2202,112403
2203,121159
2204,124464
2205,116523
2206,113605
2207,108799
2208,114446
2209,121966
2210,118688
2211,122586
2212,128555
2213,124115
2214,126827
2215,123873
2216,122735
2217,119139
2218,120685
2219,121144
2220,125144
2221,115083
2222,112103
2223,110646
2224,115302
2225,114166
2226,112618
2227,112967
2228,114400
2229,113250
2230,109518
2231,107531
2232,112191
2233,117964
2234,120868
2235,122667
2236,117387
2237,121840
2238,123400
2239,123981
2240,121786
2241,120098
2242,119815
2243,117885
2244,116696
2245,121486
2246,122895
2247,127197
2248,134819
2249,123299
2250,122540
2251,119625
2252,119986
2253,119693
2254,123581
2255,129619
2256,134174
2257,138974
2258,134845
2259,127406
2260,121663
2261,122599
2262,122912
2263,118475
2264,116996
2265,119906
2266,123153
2267,120960
2268,123925
2269,123962
2270,123329
2271,123447
2272,127992
2273,125704
2274,125010
2275,129237
2276,128574
2277,125263
2278,117431
2279,120421
2280,123959
2281,125675
2282,131066
2283,132947
2284,127979
2285,135770
2286,142940
2287,138520
2288,139451
2289,138638
2290,137535
2291,142246
2292,138378
2293,131356
2294,131329
2295,135632
2296,131730
2297,138350
2298,136458
2299,128853
2300,130548
2301,126176
2302,122670
2303,118501
2304,112479
2305,110304
2306,108177
2307,103623
2308,99153
2309,98536
2310,94813
2311,95953
2312,95401
2313,98926
2314,98198
2315,105605
2316,110351
2317,116695
2318,123887
2319,131382
2320,136982
2321,142617
2322,146035
2323,146257
2324,145497
2325,143474
2326,139755
2327,140102
2328,135899
2329,134224
2330,134124
2331,132678
2332,130879
2333,125304
2334,114791
2335,114180
2336,117756
2337,117903
2338,115064
2339,116373
2340,116188
2341,110664
2342,111776
2343,115466
2344,115488
2345,113336
2346,112948
2347,117361
2348,115032
2349,108241
2350,109498
2351,108777
2352,105049
2353,104975
2354,108415
2355,111632
2356,114548
2357,116227
2358,114028
2359,108025
2360,109958
2361,106936
2362,103402
2363,103002
2364,102891
2365,102702
2366,104135
2367,105890
2368,108747
2369,110086
2370,107912
2371,105593
2372,106206
2373,104050
2374,106120
2375,109392
2376,108267
2377,108099
2378,108331
2379,109735
2380,109697
2381,114998
2382,121015
2383,118279
2384,114931
2385,116299
2386,113440
2387,112593
2388,113216
2389,123895
2390,127098
2391,128902
2392,133097
2393,136851
2394,134599
2395,134848
2396,134126
2397,132710
2398,133620
2399,134846
2400,131454
2401,135940
2402,138512
2403,137442
2404,136258
2405,134379
2406,133366
2407,134699
2408,135283
2409,135187
2410,138813
2411,134570
2412,132218
2413,131531
2414,126631
2415,125065
2416,122583
2417,121254
2418,119071
2419,124039
2420,123171
2421,122812
2422,118880
2423,118881
2424,117020
2425,110629
2426,105533
2427,107960
2428,104987
2429,103801
2430,110277
2431,97175
2432,104057
2433,101570
2434,103989
2435,98572
2436,108615
2437,108297
2438,105410
2439,100119
2440,101682
2441,103879
2442,106432
2443,145697
2444,147790
2445,150086
2446,82585
2447,87563
2448,88633
2449,89341
2450,89492
2451,89833
2452,89185
2453,89010
2454,89109
2455,89281
2456,89388
2457,89063
2458,88483
2459,87809
2460,87544
2461,88601
2462,88769
2463,88523
2464,88598
2465,87766
2466,87678
2467,87280
2468,86566
2469,86294
2470,86057
2471,86331
2472,86269
2473,86081
2474,90605
2475,92111
2476,92080
2477,91658
2478,91424
2479,92337
2480,92614
2481,93178
2482,94538
2483,95160
2484,96025
2485,96210
2486,95559
2487,95677
2488,95879
2489,97372
2490,97372
2491,98640
2492,98733
2493,97424
2494,97664
2495,97728
2496,98208
2497,95799
2498,90898
2499,87806
2500,87216
2501,88273
2502,88377
2503,89385
2504,90374
2505,91284
2506,91950
2507,91904
2508,90938
2509,90987
2510,91251
2511,90350
2512,88971
2513,87399
2514,86689
2515,82289
2516,80066
2517,79794
2518,83371
2519,82796
2520,81656
2521,83237
2522,84050
2523,84074
2524,83625
2525,83985
2526,83940
2527,85400
2528,85134
2529,85291
2530,84574
2531,84634
2532,84241
2533,82202
2534,81908
2535,82732
2536,83275
2537,83454
2538,83515
2539,83218
2540,83155
2541,84385
2542,83703
2543,83878
2544,83805
2545,83317
2546,84215
2547,84861
2548,85913
2549,86096
2550,85444
2551,86527
2552,86041
2553,86001
2554,104158
2555,104053
2556,104444
2557,103657
2558,103670
2559,103166
2560,103035
2561,103071
2562,102192
2563,101914
2564,101716
2565,100153
2566,98079
2567,98452
2568,98765
2569,99649
2570,99326
2571,100652
2572,101884
2573,99435
2574,96678
2575,92238
2576,91161
2577,89908
2578,90274
2579,86357
2580,81328
2581,84498
2582,86384
2583,85866
2584,83986
2585,83951
2586,83658
2587,84218
2588,84597
2589,84850
2590,87069
2591,86556
2592,85646
2593,81745
2594,80205
2595,78733
2596,78183
2597,77875
2598,78929
2599,79172
2600,77694
2601,75456
2602,72736
2603,71897
2604,70837
2605,67809
2606,67009
2607,65325
2608,61239
2609,59328
2610,60731
2611,61275
2612,61145
2613,61301
2614,60228
2615,60401
2616,61165
2617,61394
2618,62840
2619,63952
2620,66377
2621,65971
2622,65158
2623,65408
2624,65107
2625,64475
2626,63408
2627,63400
2628,63978
2629,63227
2630,65296
2631,68444
2632,72887
2633,73215
2634,69638
2635,80166
2636,85932
2637,88551
2638,89029
2639,89589
2640,88431
2641,85759
2642,83562
2643,82849
2644,80998
2645,79360
2646,78304
2647,76954
2648,74570
2649,74772
2650,77985
2651,80253
2652,78083
2653,83528
2654,83908
2655,82928
2656,86161
2657,85128
2658,83952
2659,83295
2660,82276
2661,83182
2662,80356
2663,80120
2664,77577
2665,72508
2666,72788
2667,73792
2668,78331
2669,77592
2670,74107
2671,73223
2672,72250
2673,71353
2674,72651
2675,72827
2676,73644
2677,74127
2678,75096
2679,74291
2680,74876
2681,74427
2682,73568
2683,73721
2684,72242
2685,72328
2686,72314
2687,72938
2688,74619
2689,76870
2690,75546
2691,74533
2692,72645
2693,70322
2694,68251
2695,68620
2696,66534
2697,66166
2698,67340
2699,65793
2700,64048
2701,67393
2702,69747
2703,70833
2704,75035
2705,76846
2706,78736
2707,78211
2708,78386
2709,78565
2710,79335
2711,79492
2712,79706
2713,80784
2714,80432
2715,79513
2716,78656
2717,78747
2718,76674
2719,74599
2720,74729
2721,75500
2722,77542
2723,77889
2724,78549
2725,76099
2726,73602
2727,72263
2728,68026
2729,64784
2730,62158
2731,62947
2732,64132
2733,70402
2734,79388
2735,79644
2736,79301
2737,76917
2738,75890
2739,75772
2740,74859
2741,75502
2742,76475
2743,77192
2744,77642
2745,77384
2746,77999
2747,77755
2748,77735
2749,78829
2750,79146
2751,78614
2752,79154
2753,79101
2754,78478
2755,78129
2756,79106
2757,79139
2758,79132
2759,80390
2760,79491
2761,80843
2762,79812
2763,78236
2764,78799
2765,78914
2766,79426
2767,79933
2768,79885
2769,79462
2770,80606
2771,82744
2772,84928
2773,86983
2774,90930
2775,94525
2776,91416
2777,90523
2778,84730
2779,74326
2780,72248
2781,71032
2782,77373
2783,84665
2784,92682
2785,92982
2786,90291
2787,90057
2788,85736
2789,81983
2790,80037
2791,84007
2792,85461
2793,88920
2794,93126
2795,93159
2796,93444
2797,96668
2798,97045
2799,96767
2800,94684
2801,91773
2802,90109
2803,83819
2804,83228
2805,84072
2806,87062
2807,88007
2808,87931
2809,85490
2810,85711
2811,86064
2812,87544
2813,89240
2814,90772
2815,91645
2816,91117
2817,90547
2818,91174
2819,92082
2820,91175
2821,91422
2822,91568
2823,91580
2824,92387
2825,91598
2826,92089
2827,93067
2828,93374
2829,94283
2830,95004
2831,95307
2832,95246
2833,94540
2834,93597
2835,93662
2836,93647
2837,94340
2838,94208
2839,96992
2840,99193
2841,99872
2842,100608
2843,100966
2844,101201
2845,99659
2846,93670
2847,117281
2848,141104
2849,140141
2850,139999
2851,134575
2852,135370
2853,136263
2854,134827
2855,135054
2856,136518
2857,140060
2858,146045
2859,163104
2860,167993
2861,160159
2862,153164
2863,148528
2864,152767
2865,159222
2866,169911
2867,169883
2868,169697
2869,160944
2870,154659
2871,150878
2872,148026
2873,148108
2874,148976
2875,150777
2876,150488
2877,149995
2878,148135
2879,142602
2880,144198
2881,145753
2882,144145
2883,145204
2884,147161
2885,149141
2886,150286
2887,155227
2888,156877
2889,156864
2890,156627
2891,156094
2892,155624
2893,154721
2894,153362
2895,154764
2896,155181
2897,156054
2898,153069
2899,154851
2900,155685
2901,155730
2902,155130
2903,155889
2904,156278
2905,156462
2906,155843
2907,155818
2908,155704
2909,153764
2910,153147
2911,153659
2912,155192
2913,154128
2914,153303
2915,150248
2916,149828
2917,151029
2918,151379
2919,151986
2920,150354
2921,150213
2922,149539
2923,149202
2924,147875
2925,148661
2926,147974
2927,150179
2928,147394
2929,145771
2930,145081
2931,143754
2932,140667
2933,139615
2934,139372
2935,136000
2936,138276
2937,139966
2938,144162
2939,144649
2940,147012
2941,149183
2942,149798
2943,150025
2944,150641
2945,148670
2946,150006
2947,154522
2948,155775
2949,155290
2950,156164
2951,156410
2952,153489
2953,153342
2954,153559
2955,153269
2956,153443
2957,147254
2958,118978
2959,145776
2960,150222
2961,150618
2962,150477
2963,149935
2964,149382
2965,146484
2966,145028
2967,143462
2968,138490
2969,137338
2970,138070
2971,140708
2972,119249
2973,141144
2974,145613
2975,144985
2976,143611
2977,145153
2978,148573
2979,149002
2980,154235
2981,156702
2982,159336
2983,160018
2984,160319
2985,160292
2986,159181
2987,158671
2988,158720
2989,155994
2990,155426
2991,154001
2992,151621
2993,150923
2994,149894
2995,149322
2996,147918
2997,144303
2998,146931
2999,144143
3000,145015
3001,145235
3002,147134
3003,146389
3004,143274
3005,142998
3006,143306
3007,142160
3008,140731
3009,140411
3010,142464
3011,142169
3012,146851
3013,149560
3014,149036
3015,150936
3016,153220
3017,156060
3018,149715
3019,144657
3020,136930
3021,138287
3022,138854
3023,138604
3024,139489
3025,138658
3026,136385
3027,138319
3028,143608
3029,143034
3030,141128
3031,143013
3032,141714
3033,142286
3034,138502
3035,137928
3036,136950
3037,135266
3038,135518
3039,136442
3040,133464
3041,133199
3042,137369
3043,137743
3044,138740
3045,141184
3046,145235
3047,146017
3048,145329
3049,147088
3050,148377
3051,151060
3052,150096
3053,152814
3054,152635
3055,149013
3056,148771
3057,146117
3058,145337
3059,143534
3060,143759
3061,143016
3062,141317
3063,138611
3064,133749
3065,133844
3066,133096
3067,132689
3068,134370
3069,136778
3070,134555
3071,133936
3072,131461
3073,134478
3074,133493
3075,132657
3076,135834
3077,135768
3078,136852
3079,138547
3080,141723
3081,144915
3082,149111
3083,150986
3084,151020
3085,151998
3086,153200
3087,155228
3088,156495
3089,156985
3090,155829
3091,156664
3092,156864
3093,155668
3094,149844
3095,150461
3096,148927
3097,150221
3098,149887
3099,150319
3100,151779
3101,151965
3102,150744
3103,150539
3104,150239
3105,150661
3106,147246
3107,147593
3108,147856
3109,149318
3110,149744
3111,148692
3112,146448
3113,144654
3114,142327
3115,142415
3116,139245
3117,139618
3118,142954
3119,140827
3120,143920
3121,143872
3122,146925
3123,145573
3124,140018
3125,139561
3126,140150
3127,135605
3128,137366
3129,136451
3130,136885
3131,135272
3132,136366
3133,139593
3134,142733
3135,145021
3136,147072
3137,149111
3138,149084
3139,151905
3140,152086
3141,152970
3142,154665
3143,153976
3144,154988
3145,151317
3146,153227
3147,152585
3148,149605
3149,149123
3150,149598
3151,151332
3152,152197
3153,151857
3154,151961
3155,150710
3156,150137
3157,149580
3158,150364
3159,149980
3160,149974
3161,150906
3162,150778
3163,150814
3164,152141
3165,153839
3166,151479
3167,151543
3168,151947
3169,149975
3170,149892
3171,150236
3172,149206
3173,146564
3174,144796
3175,144398
3176,143792
3177,143546
3178,143629
3179,141980
3180,141142
3181,140524
3182,140107
3183,139971
3184,139656
3185,140127
3186,140185
3187,143099
3188,144575
3189,147698
3190,149266
3191,149776
3192,151141
3193,152011
3194,151981
3195,151368
3196,150944
3197,153118
3198,153259
3199,151702
3200,151341
3201,150722
3202,151505
3203,150578
3204,150631
3205,148697
3206,148597
3207,148964
3208,147926
3209,149384
3210,146831
3211,148638
3212,149076
3213,149000
3214,148198
3215,148469
3216,148946
3217,150100
3218,150903
3219,150717
3220,150127
3221,148545
3222,148529
3223,149269
3224,148491
3225,149301
3226,149721
3227,150797
3228,150432
3229,149213
3230,149949
3231,150334
3232,152575
3233,151692
3234,151609
3235,149458
3236,148345
3237,147824
3238,147895
3239,148026
3240,148517
3241,148617
3242,148697
3243,148204
3244,148479
3245,147755
3246,147442
3247,148906
3248,148043
3249,148857
3250,155125
3251,157001
3252,156919
3253,152713
3254,153213
3255,150312
3256,147805
3257,147021
3258,146905
3259,145173
3260,145192
3261,144337
3262,145599
3263,145635
3264,143141
3265,149183
3266,154177
3267,156655
3268,151336
3269,148703
3270,145828
3271,146569
3272,146028
3273,144541
3274,143865
3275,141173
3276,140217
3277,138262
3278,139351
3279,140497
3280,143688
3281,142441
3282,143962
3283,144868
3284,144969
3285,149102
3286,150931
3287,151209
3288,151899
3289,152844
3290,153225
3291,151549
3292,153644
3293,156099
3294,160348
3295,165624
3296,164475
3297,168406
3298,170471
3299,170220
3300,167818
3301,165051
3302,166803
3303,164092
3304,158893
3305,159475
3306,159151
3307,158331
3308,157077
3309,155967
3310,159435
3311,164827
3312,164555
3313,162874
3314,160018
3315,157319
3316,143620
3317,125209
3318,146882
3319,140446
3320,131623
3321,126955
3322,134171
3323,132500
3324,133100
3325,130960
3326,129449
3327,129280
3328,129781
3329,131666
3330,131274
3331,125627
3332,122506
3333,120638
3334,118417
3335,118183
3336,118612
3337,121395
3338,120621
3339,119367
3340,114787
3341,114768
3342,114859
3343,115890
3344,116956
3345,117183
3346,122187
3347,121903
3348,123607
3349,125671
3350,126132
3351,127519
3352,133945
3353,134386
3354,133592
3355,133982
3356,135942
3357,135851
3358,136297
3359,136738
3360,137117
3361,139034
3362,139128
3363,140497
3364,143485
3365,145617
3366,148308
3367,150631
3368,151977
3369,152177
3370,151077
3371,150690
3372,148916
3373,147242
3374,145471
3375,145600
3376,145117
3377,145442
3378,145700
3379,146447
3380,146524
3381,146962
3382,146990
3383,147011
3384,143739
3385,141132
3386,142506
3387,142624
3388,141246
3389,139413
3390,138006
3391,138537
3392,138095
3393,136174
3394,136828
3395,135652
3396,137234
3397,131765
3398,132117
3399,132910
3400,134745
3401,130441
3402,135144
3403,131523
3404,129953
3405,129719
3406,129443
3407,129338
3408,127305
3409,128016
3410,128020
3411,129460
3412,130342
3413,130334
3414,131922
3415,132536
3416,132330
3417,133158
3418,133117
3419,132699
3420,132011
3421,132082
3422,131950
3423,132032
3424,131996
3425,131530
3426,131625
3427,131785
3428,131791
3429,132630
3430,131113
3431,130145
3432,130029
3433,129651
3434,129932
3435,128230
3436,90091
3437,86798
3438,84922
3439,97684
3440,79720
3441,90787
3442,100974
3443,102289
3444,98593
3445,91878
3446,85486
3447,87987
3448,79658
3449,100712
3450,107040
3451,107684
3452,110217
3453,111712
3454,103986
3455,101073
3456,101585
3457,102902
3458,103848
3459,100957
3460,97447
3461,103710
3462,102439
3463,80373
3464,83299
3465,85627
3466,81506
3467,76428
3468,78263
3469,85273
3470,90521
3471,93015
3472,81141
3473,73264
3474,70373
3475,72291
3476,75287
3477,77643
3478,92703
3479,91280
3480,86716
3481,89105
3482,82962
3483,79713
3484,85031
3485,86697
3486,86424
3487,85185
3488,83287
3489,85036
3490,87102
3491,86764
3492,89541
3493,88188
3494,83817
3495,76616
3496,66959
3497,68319
3498,65261
3499,71374
3500,74280
3501,75338
3502,87883
3503,80179
3504,80751
3505,95997
3506,88868
3507,92359
3508,85840
3509,90317
3510,89760
3511,84976
3512,86203
3513,89300
3514,97718
3515,99056
3516,85201
3517,88823
3518,99299
3519,90527
3520,76656
3521,87674
3522,90486
3523,78941
3524,69137
3525,74316
3526,93266
3527,100791
3528,95835
3529,83027
3530,79915
3531,77855
3532,103083
3533,105425
3534,97041
3535,103836
3536,92252
3537,93310
3538,88136
3539,83426
3540,82607
3541,95555
3542,87812
3543,86406
3544,95497
3545,97279
3546,90537
3547,82562
3548,79454
3549,75415
3550,77758
3551,82566
3552,82590
3553,85564
3554,83641
3555,83594
3556,88171
3557,88716
3558,85333
3559,80701
3560,84290
3561,83655
3562,85929
3563,88972
3564,91916
3565,88348
3566,88464
3567,83282
3568,81083
3569,75137
3570,71537
3571,73618
3572,73455
3573,69887
3574,78887
3575,80787
3576,79156
3577,72335
3578,74397
3579,75590
3580,74923
3581,78402
3582,81387
3583,87934
3584,89125
3585,87294
3586,80133
3587,82960
3588,81402
3589,77012
3590,76818
3591,75141
3592,84038
3593,63572
3594,74560
3595,74333
3596,74596
3597,74588
3598,78938
3599,77900
3600,79222
3601,77929
3602,75281
3603,72446
3604,67759
3605,76428
3606,76328
3607,78293
3608,77191
3609,77254
3610,76849
3611,75655
3612,73107
3613,72718
3614,68238
3615,70818
3616,69936
3617,69876
3618,68107
3619,68955
3620,72272
3621,80278
3622,76924
3623,78127
3624,75283
3625,71379
3626,78752
3627,82409
3628,93169
3629,92806
3630,94001
3631,95453
3632,96426
3633,96227
3634,102585
3635,105036
3636,100662
3637,98885
3638,87530
3639,78874
3640,72078
3641,70612
3642,71010
3643,70508
3644,70838
3645,71539
3646,70781
3647,69580
3648,68570
3649,70024
3650,70426
3651,68787
3652,67847
3653,67161
3654,67894
3655,69156
3656,71013
3657,76866
3658,75148
3659,80152
3660,85640
3661,84544
3662,82482
3663,80877
3664,77573
3665,76477
3666,79804
3667,82619
3668,81680
3669,87121
3670,80445
3671,74002
3672,88322
3673,85916
3674,73643
3675,70734
3676,52334
3677,49623
3678,49053
3679,48028
3680,48103
3681,47233
3682,49905
3683,50853
3684,50387
3685,47098
3686,44831
3687,45302
3688,51420
3689,54955
3690,60262
3691,77183
3692,82386
3693,82200
3694,83182
3695,87256
3696,97419
3697,64751
3698,86140
3699,82567
3700,84194
3701,83677
3702,82350
3703,79758
3704,80918
3705,81849
3706,96432
3707,89355
3708,86182
3709,89057
3710,87461
3711,79870
3712,78815
3713,80379
3714,79702
3715,88010
3716,91792
3717,78215
3718,86044
3719,84899
3720,84791
3721,75022
3722,79661
3723,79520
3724,80800
3725,86226
3726,97681
3727,88301
3728,84660
3729,85291
3730,84754
3731,78466
3732,76420
3733,84108
3734,87746
3735,86698
3736,88054
3737,84664
3738,81361
3739,87087
3740,90305
3741,84518
3742,79518
3743,80925
3744,79677
3745,83846
3746,80722
3747,66973
3748,72415
3749,71716
3750,61937
3751,107550
3752,103276
3753,96237
3754,78677
3755,42499
3756,40441
3757,40641
3758,41311
3759,41643
3760,42378
3761,42219
3762,41024
3763,37278
3764,35296
3765,36252
3766,38424
3767,39980
3768,40057
3769,39277
3770,37830
3771,37452
3772,36770
3773,35198
3774,33384
3775,64342
3776,76541
3777,92371
3778,33480
3779,80388
3780,77711
3781,76239
3782,75555
3783,75514
3784,76056
3785,75284
3786,74502
3787,74149
3788,74132
3789,73630
3790,72070
3791,70683
3792,69014
3793,68910
3794,69329
3795,69566
3796,70741
3797,68260
3798,69689
3799,69511
3800,69250
3801,67873
3802,71361
3803,71257
3804,72323
3805,70423
3806,69967
3807,69276
3808,50029
3809,64676
3810,63619
3811,64655
3812,66759
3813,64654
3814,64424
3815,64403
3816,65401
3817,65802
3818,65105
3819,64030
3820,62662
3821,58462
3822,73716
3823,74347
3824,74370
3825,73269
3826,72709
3827,70373
3828,71231
3829,69906
3830,66114
3831,64210
3832,65734
3833,65228
3834,66944
3835,70975
3836,70217
3837,67417
3838,63444
3839,60732
3840,61589
3841,64404
3842,70069
3843,104344
3844,98324
3845,90265
3846,82640
3847,53557
3848,76770
3849,91799
3850,74516
3851,130507
3852,88385
3853,93206
3854,93701
3855,95304
3856,93659
3857,92841
3858,91156
3859,92389
3860,93287
3861,91470
3862,88917
3863,88996
3864,81389
3865,85659
3866,88542
3867,94562
3868,96783
3869,97149
3870,101830
3871,102302
3872,98681
3873,97035
3874,106862
3875,110069
3876,122150
3877,129874
3878,131129
3879,130523
3880,112924
3881,103215
3882,102919
3883,108479
3884,105170
3885,97443
3886,96198
3887,102260
3888,92527
3889,89763
3890,87957
3891,90387
3892,109440
3893,110265
3894,99104
3895,103094
3896,91654
3897,92014
3898,93616
3899,96243
3900,86934
3901,95848
3902,95696
3903,94070
3904,91737
3905,91090
3906,90787
3907,88769
3908,89136
3909,89849
3910,88814
3911,88139
3912,85486
3913,88099
3914,90364
3915,92420
3916,92027
3917,92017
3918,92622
3919,93891
3920,92039
3921,90800
3922,90770
3923,89405
3924,88135
3925,84047
3926,83969
3927,82536
3928,82844
3929,82441
3930,80395
3931,82652
3932,83106
3933,82195
3934,80970
3935,78761
3936,77187
3937,77241
3938,77336
3939,78541
3940,78160
3941,82949
3942,89259
3943,103788
3944,107261
3945,106176
3946,94496
3947,92781
3948,85244
3949,82338
3950,80258
3951,79613
3952,77354
3953,77322
3954,76463
3955,75097
3956,73995
3957,74732
3958,80032
3959,84531
3960,86457
3961,82117
3962,93748
3963,82655
3964,83749
3965,84990
3966,85049
3967,90324
3968,89690
3969,86807
3970,83255
3971,80570
3972,79396
3973,78238
3974,77896
3975,77264
3976,74874
3977,73528
3978,75175
3979,73644
3980,72963
3981,71265
3982,70011
3983,70585
3984,70921
3985,68210
3986,69216
3987,69170
3988,67788
3989,68782
3990,67723
3991,64126
3992,62726
3993,60451
3994,56465
3995,55764
3996,52733
3997,53547
3998,53595
3999,54379
4000,59511
4001,61180
4002,61001
4003,55085
4004,48665
4005,50100
4006,52863
4007,52955
4008,51788
4009,51082
4010,52135
4011,52239
4012,53552
4013,54019
4014,53984
4015,57623
4016,58499
4017,60169
4018,68888
4019,76605
4020,82796
4021,88985
4022,89001
4023,90180
4024,90305
4025,90615
4026,90786
4027,91721
4028,92367
4029,92527
4030,93201
4031,92345
4032,91568
4033,91270
4034,91357
4035,90147
4036,89319
4037,89596
4038,90234
4039,90468
4040,89869
4041,90062
4042,88867
4043,89224
4044,88807
4045,89708
4046,89550
4047,90262
4048,89458
4049,88835
4050,88225
4051,89475
4052,88879
4053,91497
4054,95545
4055,97428
4056,97445
4057,101051
4058,101751
4059,102632
4060,102391
4061,102225
4062,103610
4063,102921
4064,102654
4065,103404
4066,103533
4067,101976
4068,100601
4069,98950
4070,99355
4071,99987
4072,100743
4073,101388
4074,102536
4075,102935
4076,101982
4077,100590
4078,99560
4079,99308
4080,99355
4081,101747
4082,101894
4083,102647
4084,100864
4085,99696
4086,99183
4087,100096
4088,100331
4089,100331
4090,101037
4091,100539
4092,101089
4093,100584
4094,101250
4095,102002
4096,103506
4097,102161
4098,102612
4099,103499
4100,102910
4101,102640
4102,103035
4103,103487
4104,103400
4105,103402
4106,103446
4107,103958
4108,154872
4109,157254
4110,157981
4111,153355
4112,154540
4113,154549
4114,155259
4115,155564
4116,154255
4117,155644
4118,158936
4119,157755
4120,158708
4121,159573
4122,161946
4123,162834
4124,162599
4125,162084
4126,161504
4127,160021
4128,161330
4129,158251
4130,159907
4131,160167
4132,158437
4133,158384
4134,160796
4135,157307
4136,157717
4137,156813
4138,157363
4139,155814
4140,156083
4141,155336
4142,154454
4143,158257
4144,158860
4145,159456
4146,159476
4147,158260
4148,158334
4149,161174
4150,157785
4151,159796
4152,161572
4153,159760
4154,159498
4155,159247
4156,159164
4157,160162
4158,159672
4159,162130
4160,161003
4161,161788
4162,162405
4163,162218
4164,161172
4165,161330
4166,161790
4167,161369
4168,158003
4169,157091
4170,157822
4171,154824
4172,157615
4173,161258
4174,161728
4175,161613
4176,158517
4177,158496
4178,157742
4179,155570
4180,157719
4181,160180
4182,157420
4183,155318
4184,154307
4185,156243
4186,155944
4187,157304
4188,157849
4189,155675
4190,157011
4191,157821
4192,152556
4193,151731
4194,157479
4195,157798
4196,158918
4197,158445
4198,158890
4199,159054
4200,157509
4201,156116
4202,157426
4203,158586
4204,158517
4205,157757
4206,156915
4207,155957
4208,159039
4209,159001
4210,154932
4211,154831
4212,155912
4213,154293
4214,156438
4215,153464
4216,154264
4217,154217
4218,152079
4219,156238
4220,154367
4221,156955
4222,152949
4223,152308
4224,150816
4225,154521
4226,154685
4227,157262
4228,156612
4229,157195
4230,155927
4231,155952
4232,152959
4233,150018
4234,147456
4235,152421
4236,155367
4237,153546
4238,152094
4239,152444
4240,154621
4241,151485
4242,154219
4243,155385
4244,153011
4245,154521
4246,153582
4247,153501
4248,155394
4249,155666
4250,150374
4251,149037
4252,150839
4253,160555
4254,124759
4255,159177
4256,159527
4257,156512
4258,150998
4259,151722
4260,151748
4261,152516
4262,154674
4263,151156
4264,150886
4265,150179
4266,154781
4267,156514
4268,159961
4269,158389
4270,159480
4271,158438
4272,154906
4273,156954
4274,159856
4275,162122
4276,157146
4277,129122
4278,105955
4279,72322
4280,107876
4281,133264
4282,148264
4283,148424
4284,150271
4285,148497
4286,146979
4287,143988
4288,126047
4289,145170
4290,169523
4291,149929
4292,124366
4293,120872
4294,133921
4295,133437
4296,139182
4297,135561
4298,136738
4299,136982
4300,138973
4301,143904
4302,151510
4303,157102
4304,158583
4305,159792
4306,161735
4307,158804
4308,155145
4309,160017
4310,154193
4311,152668
4312,163010
4313,163225
4314,161343
4315,151045
4316,156207
4317,162456
4318,154945
4319,151423
4320,157003
4321,157104
4322,159394
4323,155186
4324,158111
4325,155941
4326,154070
4327,158627
4328,157069
4329,143637
4330,157455
4331,143966
4332,153691
4333,153246
4334,149372
4335,149394
4336,154764
4337,156450
4338,153010
4339,153235
4340,156016
4341,151302
4342,146847
4343,145011
4344,147837
4345,145880
4346,151644
4347,156764
4348,159816
4349,159603
4350,157835
4351,149595
4352,151217
4353,151477
4354,154424
4355,148435
4356,145092
4357,143115
4358,138476
4359,149643
4360,141660
4361,142712
4362,139495
4363,135544
4364,137615
4365,139952
4366,141857
4367,143203
4368,143959
4369,142313
4370,136612
4371,139334
4372,144889
4373,141129
4374,138159
4375,132652
4376,136834
4377,140769
4378,144773
4379,147052
4380,151660
4381,151663
4382,153740
4383,152483
4384,153534
4385,149344
4386,150866
4387,150409
4388,149308
4389,141088
4390,148607
4391,150252
4392,150902
4393,150397
4394,148544
4395,143568
4396,144304
4397,140532
4398,138886
4399,144867
4400,146860
4401,144747
4402,147121
4403,147913
4404,149158
4405,149614
4406,150290
4407,142925
4408,132017
4409,150508
4410,167850
4411,157399
4412,145765
4413,133599
4414,126534
4415,129851
4416,131910
4417,134297
4418,132678
4419,132689
4420,121527
4421,128412
4422,121380
4423,131152
4424,132816
4425,129572
4426,130905
4427,132341
4428,130698
4429,143519
4430,145591
4431,140689
4432,137779
4433,138531
4434,137725
4435,134656
4436,134748
4437,134170
4438,137607
4439,139911
4440,136180
4441,126788
4442,126019
4443,127671
4444,127088
4445,131982
4446,127448
4447,129688
4448,130727
4449,133120
4450,127702
4451,134859
4452,136702
4453,136969
4454,138903
4455,137025
4456,137409
4457,138955
4458,137660
4459,142067
4460,142923
4461,143458
4462,141482
4463,143069
4464,143749
4465,143869
4466,141309
4467,143213
4468,131033
4469,137521
4470,149748
4471,140308
4472,140561
4473,136189
4474,156109
4475,151265
4476,144598
4477,143628
4478,143325
4479,141024
4480,138740
4481,143256
4482,150116
4483,153693
4484,153591
4485,155339
4486,155780
4487,155900
4488,156609
4489,155947
4490,155862
4491,155522
4492,154991
4493,153689
4494,154354
4495,154464
4496,153852
4497,153781
4498,154638
4499,151697
4500,151922
4501,154119
4502,154396
4503,155173
4504,152778
4505,152647
4506,153086
4507,153666
4508,151935
4509,151371
4510,153400
4511,153322
4512,150685
4513,148213
4514,144129
4515,143478
4516,145814
4517,149402
4518,149573
4519,149079
4520,148431
4521,149823
4522,152675
4523,153612
4524,147654
4525,147407
4526,150025
4527,150652
4528,148334
4529,149229
4530,146475
4531,144499
4532,147599
4533,151638
4534,152749
4535,151502
4536,152141
4537,155093
4538,157073
4539,156199
4540,153823
4541,154544
4542,155001
4543,159522
4544,157916
4545,152630
4546,152295
4547,152804
4548,152758
4549,153964
4550,153735
4551,153410
4552,153929
4553,150723
4554,148195
4555,139364
4556,139637
4557,139607
4558,139238
4559,138864
4560,141795
4561,140609
4562,146673
4563,147612
4564,151262
4565,149426
4566,149899
4567,149214
4568,150596
4569,149960
4570,150432
4571,150479
4572,151830
4573,149765
4574,150301
4575,150286
4576,148961
4577,148605
4578,149269
4579,150810
4580,151495
4581,150771
4582,148870
4583,148733
4584,149866
4585,148987
4586,148090
4587,150486
4588,148061
4589,150810
4590,147338
4591,140373
4592,145220
4593,145332
4594,151214
4595,155540
4596,155908
4597,159830
4598,158344
4599,157221
4600,162248
4601,164624
4602,160857
4603,160005
4604,160135
4605,158652
4606,151212
4607,152951
4608,145784
4609,150245
4610,136023
4611,145983
4612,146896
4613,147454
4614,146984
4615,146955
4616,147655
4617,146172
4618,146359
4619,145735
4620,146068
4621,141358
4622,145192
4623,140469
4624,133130
4625,134293
4626,138901
4627,144858
4628,158135
4629,152718
4630,149395
4631,149468
4632,149469
4633,148953
4634,149251
4635,149678
4636,150476
4637,151570
4638,147523
4639,152248
4640,147284
4641,150523
4642,147784
4643,147486
4644,146640
4645,146296
4646,145933
4647,146751
4648,146600
4649,145515
4650,145177
4651,145588
4652,145822
4653,145014
4654,146128
4655,144314
4656,146312
4657,145455
4658,145820
4659,145051
4660,145685
4661,143550
4662,141390
4663,139146
4664,140632
4665,141102
4666,141188
4667,139897
4668,139245
4669,140147
4670,139640
4671,141945
4672,141889
4673,141286
4674,141517
4675,141658
4676,143687
4677,146215
4678,148846
4679,147333
4680,148259
4681,147473
4682,150252
4683,151663
4684,148765
4685,147635
4686,148076
4687,147349
4688,148207
4689,148482
4690,147857
4691,145990
4692,145387
4693,147302
4694,150451
4695,154207
4696,153861
4697,153129
4698,152691
4699,149169
4700,148388
4701,147521
4702,149274
4703,151449
4704,152314
4705,153927
4706,153972
4707,152799
4708,150808
4709,151105
4710,147979
4711,148854
4712,151490
4713,149220
4714,148308
4715,149375
4716,147261
4717,143516
4718,141352
4719,132809
4720,122840
4721,127824
4722,130484
4723,138742
4724,150803
4725,145506
4726,143887
4727,144543
4728,143684
4729,141326
4730,142502
4731,137022
4732,145518
4733,147216
4734,146462
4735,150085
4736,148798
4737,148640
4738,148519
4739,146864
4740,145133
4741,145700
4742,149521
4743,146840
4744,148712
4745,148428
4746,147342
4747,148874
4748,146620
4749,147802
4750,162841
4751,167172
4752,139578
4753,162786
4754,148981
4755,146165
4756,144930
4757,144430
4758,144077
4759,136688
4760,136531
4761,134820
4762,145246
4763,145279
4764,146998
4765,144325
4766,141027
4767,140347
4768,143026
4769,143895
4770,141693
4771,138805
4772,138944
4773,138211
4774,140448
4775,140941
4776,140746
4777,137845
4778,137588
4779,139550
4780,137977
4781,137212
4782,137253
4783,138565
4784,136089
4785,134512
4786,135959
4787,135493
4788,134703
4789,141853
4790,141901
4791,142716
4792,138670
4793,138634
4794,136020
4795,132011
4796,133507
4797,131841
4798,143432
4799,148993
4800,145474
4801,141909
4802,141315
4803,142306
4804,162327
4805,164774
4806,163872
4807,161655
4808,157970
4809,159153
4810,152104
4811,155991
4812,153599
4813,152301
4814,152084
4815,148326
4816,146791
4817,153664
4818,155226
4819,143610
4820,131558
4821,136200
4822,141778
4823,141492
4824,138232
4825,148447
4826,157500
4827,158399
4828,153808
4829,154728
4830,157426
4831,156052
4832,155038
4833,156147
4834,154143
4835,153661
4836,151251
4837,107358
4838,117992
4839,119961
4840,112834
4841,113051
4842,111714
4843,106297
4844,103282
4845,101937
4846,99007
4847,98117
4848,95687
4849,89919
4850,87884
4851,86615
4852,80696
4853,81352
4854,83563
4855,86258
4856,95110
4857,101561
4858,101706
4859,94880
4860,89430
4861,95369
4862,98832
4863,97954
4864,104176
4865,103048
4866,99252
4867,94472
4868,96767
4869,101830
4870,103543
4871,101441
4872,100757
4873,101907
4874,101751
4875,103959
4876,107506
4877,107972
4878,107770
4879,104844
4880,105112
4881,106653
4882,101943
4883,95613
4884,93243
4885,104945
4886,100998
4887,102193
4888,94921
4889,90701
4890,90391
4891,88529
4892,90418
4893,93329
4894,92336
4895,91045
4896,90330
4897,87871
4898,87505
4899,87553
4900,90160
4901,90006
4902,89661
4903,99938
4904,84137
4905,67032
4906,81738
4907,81364
4908,82959
4909,89450
4910,97423
4911,96521
4912,93293
4913,93094
4914,94276
4915,96692
4916,95669
4917,95561
4918,92792
4919,90520
4920,86338
4921,79959
4922,77758
4923,75666
4924,77494
4925,78831
4926,80859
4927,87169
4928,90455
4929,93173
4930,99695
4931,99246
4932,98529
4933,91858
4934,89743
4935,90381
4936,93880
4937,94460
4938,92216
4939,90676
4940,69859
4941,83318
4942,101330
4943,90827
4944,92944
4945,92245
4946,91795
4947,91629
4948,82589
4949,86308
4950,89295
4951,67409
4952,71385
4953,67661
4954,73352
4955,74828
4956,78450
4957,90351
4958,89783
4959,92955
4960,92286
4961,93566
4962,94085
4963,94321
4964,94087
4965,94675
4966,96760
4967,95840
4968,94929
4969,95332
4970,95413
4971,95573
4972,80776
4973,83814
4974,93936
4975,94088
4976,94380
4977,93609
4978,92649
4979,93676
4980,92394
4981,93866
4982,93930
4983,91894
4984,89014
4985,84765
4986,81188
4987,81357
4988,82557
4989,84092
4990,84248
4991,85142
4992,85985
4993,87771
4994,88254
4995,88382
4996,89565
4997,86801
4998,84631
4999,81114
5000,78119
5001,77976
5002,80874
5003,80835
5004,80185
5005,78696
5006,78306
5007,76772
5008,79158
5009,83371
5010,85617
5011,83971
5012,84675
5013,82550
5014,73554
5015,96381
5016,101850
5017,85622
5018,87895
5019,89306
5020,83741
5021,77963
5022,72975
5023,66234
5024,63468
5025,64646
5026,68353
5027,69581
5028,71812
5029,71444
5030,70675
5031,72222
5032,76255
5033,76324
5034,75643
5035,76353
5036,77567
5037,77200
5038,75753
5039,78479
5040,80604
5041,81235
5042,79142
5043,78347
5044,76878
5045,75478
5046,74753
5047,71383
5048,71775
5049,72448
5050,72686
5051,73001
5052,73396
5053,75236
5054,75485
5055,77479
5056,82242
5057,86463
5058,87429
5059,89741
5060,90114
5061,90936
5062,91847
5063,93421
5064,95247
5065,95554
5066,95468
5067,96878
5068,96742
5069,94965
5070,96533
5071,94323
5072,92091
5073,88790
5074,87628
5075,91407
5076,101953
5077,106028
5078,109768
5079,132178
5080,72029
5081,74175
5082,99730
5083,93274
5084,83620
5085,72611
5086,85856
5087,84257
5088,94058
5089,114409
5090,117287
5091,118567
5092,125822
5093,128606
5094,133867
5095,133965
5096,129083
5097,120849
5098,108419
5099,108599
5100,99649
5101,94258
5102,90963
5103,94771
5104,111198
5105,117036
5106,115501
5107,142740
5108,149628
5109,150019
5110,122256
5111,103956
5112,141518
5113,89189
5114,90672
5115,91626
5116,98442
5117,100052
5118,95482
5119,77807
5120,70344
5121,69994
5122,87925
5123,91508
5124,77693
5125,66594
5126,77875
5127,85518
5128,106935
5129,108208
5130,108352
5131,109853
5132,110288
5133,66891
5134,78631
5135,85665
5136,75131
5137,62023
5138,61640
5139,61821
5140,62647
5141,64192
5142,60704
5143,58978
5144,56978
5145,70047
5146,71001
5147,71191
5148,71883
5149,73553
5150,73041
5151,72503
5152,71032
5153,72801
5154,74219
5155,77110
5156,78108
5157,78519
5158,75944
5159,74942
5160,72527
5161,70029
5162,69237
5163,67867
5164,67389
5165,67618
5166,66771
5167,65517
5168,64710
5169,64012
5170,64132
5171,64034
5172,62574
5173,62281
5174,61552
5175,61113
5176,60923
5177,60330
5178,62305
5179,63159
5180,62317
5181,62361
5182,62617
5183,62299
5184,62154
5185,63034
5186,63760
5187,62789
5188,67156
5189,67166
5190,65658
5191,64357
5192,64297
5193,64163
5194,66007
5195,65297
5196,64907
5197,64061
5198,64537
5199,64441
5200,65163
5201,66701
5202,67354
5203,69177
5204,71498
5205,75929
5206,83325
5207,82085
5208,79877
5209,76057
5210,75123
5211,75894
5212,78406
5213,77458
5214,74720
5215,76515
5216,77378
5217,76759
5218,83181
5219,79067
5220,80699
5221,81811
5222,82278
5223,86143
5224,98489
5225,98313
5226,103514
5227,101878
5228,104707
5229,101058
5230,99823
5231,99391
5232,83580
5233,82392
5234,84981
5235,82907
5236,79434
5237,73744
5238,71734
5239,71081
5240,78381
5241,118208
5242,134679
5243,69854
5244,42409
5245,39757
5246,39952
5247,39929
5248,39874
